<?xml version="1.0" encoding="UTF-8"?>
<configuration>
	<appender name="console" class="ch.qos.logback.core.ConsoleAppender">
		<encoder>
			<pattern> %d{HH:mm:ss.SSS} %highlight(%-5level) %magenta(%-4relative) --- [ %thread{10} ] %cyan(%logger{40}) : %msg%n </pattern>
		</encoder>
	</appender>
	<!--  내가 만든 클래스에 대한 로깅 설정 -->
	<logger name="com.icia" level="info" />
	
	<!--  3rd party 로깅 설정 -->
	<logger name="org.springframework" level="info" />
	<logger name="org.springframework.web.servlet.mvc.method.annotation.RequestMappingHandlerMapping" level="trace" />
	
	<!--  log4jdbc 로깅 설정 -->
	<logger name="jdbc.connection" level="warn"/>
	<logger name="jdbc.resultsettable" level="info"/>
	<logger name="jdbc.audit" level="warn"/>
	<logger name="jdbc.sqltiming" level="warn"/>
	<logger name="jdbc.resultset" level="warn"/>
	<root level="info">
		<appender-ref ref="console" />
	</root>
</configuration>